model,held_out_battery,rmse_ah,mae_ah,mape_pct,r2,actual_eol_cycle,predicted_eol_cycle,eol_error_cycles,feature_set
Linear Regression,B0005,0.016402465109397052,0.01077340694263075,0.6723145558585265,0.9925351874018786,125.0,126.0,1.0,Charge only (2)
Random Forest,B0005,0.04858161362621269,0.03621211752370373,2.533510763797977,0.934514592327573,125.0,117.0,-8.0,Charge only (2)
XGBoost,B0005,0.10269011238452244,0.06555930316000828,4.694296673815181,0.7074110486351366,125.0,,,Charge only (2)
Linear Regression,B0006,0.034393806386578886,0.028251537779080637,1.9299887002882377,0.9813740492802603,109.0,105.0,-4.0,Charge only (2)
Random Forest,B0006,0.07451290735576838,0.06538059376889307,4.362234521686694,0.9125779505625647,109.0,82.0,-27.0,Charge only (2)
XGBoost,B0006,0.12302391630113235,0.10925100563367628,6.852798727303992,0.7616928562388445,109.0,74.0,-35.0,Charge only (2)
Linear Regression,B0007,0.01454172614656138,0.009632519076011757,0.5560255569945936,0.9918332878419188,,,,Charge only (2)
Random Forest,B0007,0.022088651981002648,0.016760248684014597,1.0013867872919948,0.9811568393431226,,158.0,,Charge only (2)
XGBoost,B0007,0.04869199283420296,0.036386397663724805,2.295621319741455,0.9084348050481662,,158.0,,Charge only (2)
Linear Regression,B0018,0.029375385315590394,0.025557019764210487,1.7127198351801307,0.9637545713422592,97.0,104.0,7.0,Charge only (2)
Random Forest,B0018,0.030670310452263008,0.0247739975673652,1.657985767040218,0.9604885979723159,97.0,,,Charge only (2)
XGBoost,B0018,0.06330577000554262,0.04944084306994262,3.3359171271842523,0.8316656727593366,97.0,,,Charge only (2)
Linear Regression,B0005,0.024858470130608996,0.01905727013313102,1.2347602695615083,0.9828545274753885,125.0,130.0,5.0,Discharge only (5)
Random Forest,B0005,0.060490556293800284,0.03920506732487381,2.7549352304682584,0.8984743400915577,125.0,,,Discharge only (5)
XGBoost,B0005,0.05727225652912985,0.03788650187667218,2.6749147502315838,0.9089899708501623,125.0,,,Discharge only (5)
Linear Regression,B0006,0.10959073857161115,0.10593845552608411,7.271909870520233,0.8108938413214778,109.0,75.0,-34.0,Discharge only (5)
Random Forest,B0006,0.10219322631512523,0.0932473158663842,6.063969780378572,0.8355619999949033,109.0,72.0,-37.0,Discharge only (5)
XGBoost,B0006,0.09702027709853624,0.08821035273099403,5.766613258670247,0.851788130076745,109.0,71.0,-38.0,Discharge only (5)
Linear Regression,B0007,0.024972439679902616,0.02151888159673894,1.3157904140582275,0.9759155201635537,,,,Discharge only (5)
Random Forest,B0007,0.03567695941914601,0.02223071439486591,1.2545580245746475,0.9508423634452303,,,,Discharge only (5)
XGBoost,B0007,0.024749432935262772,0.015951831695015663,0.9166997052756125,0.9763437538230904,,,,Discharge only (5)
Linear Regression,B0018,0.06713796425399787,0.06613413555333988,4.28697628308943,0.8106686927773372,97.0,,,Discharge only (5)
Random Forest,B0018,0.08645290979990441,0.07495953393471656,5.098684516133299,0.6860609593530977,97.0,,,Discharge only (5)
XGBoost,B0018,0.06124883567800325,0.05612398230771557,3.740393245944809,0.8424270117854036,97.0,,,Discharge only (5)
Linear Regression,B0005,0.02685326728696225,0.023181475492611577,1.5907255777392912,0.9799924028910599,125.0,137.0,12.0,All features (7)
Random Forest,B0005,0.04823244842085532,0.031052103600008752,2.2020051277090995,0.9354525215471059,125.0,,,All features (7)
XGBoost,B0005,0.03685541444011944,0.02609719798444176,1.8236854905688031,0.9623119851318939,125.0,141.0,16.0,All features (7)
Linear Regression,B0006,0.08510710396631173,0.08107966771402451,5.605352977062067,0.8859514966713253,109.0,81.0,-28.0,All features (7)
Random Forest,B0006,0.09779838157510858,0.08910465094483543,5.821730063445334,0.8494012729257611,109.0,72.0,-37.0,All features (7)
XGBoost,B0006,0.09382922833037255,0.08522663486970429,5.601017877374208,0.8613773315974644,109.0,73.0,-36.0,All features (7)
Linear Regression,B0007,0.024395220219870655,0.021780175517526375,1.373827053883463,0.9770160424233201,,156.0,,All features (7)
Random Forest,B0007,0.029641459744397556,0.020515869827052714,1.176998265846324,0.9660676060575919,,,,All features (7)
XGBoost,B0007,0.018880516819393896,0.013565733502777589,0.7847905496303691,0.9862328805107605,,,,All features (7)
Linear Regression,B0018,0.024649416890754457,0.02311245026449488,1.5344971306679798,0.9744788995744958,97.0,118.0,21.0,All features (7)
Random Forest,B0018,0.07501729045128715,0.06401576228755297,4.356403315904835,0.7636210255572158,97.0,,,All features (7)
XGBoost,B0018,0.0528463133516599,0.04557174886974589,3.092637648523233,0.8826952798941099,97.0,,,All features (7)
