feature_set,model,rmse_ah,mae_ah,mape_pct,r2
Charge only (2),Linear Regression,0.02367834573953193,0.01855362089048341,1.217762162080372,0.9823742739665793
All features (7),Linear Regression,0.04025125209097477,0.037288442247164336,2.5261006848382,0.9543597103900503
Charge only (2),Random Forest,0.04396337085381168,0.03578173938599415,2.388779459954221,0.947184495051394
All features (7),XGBoost,0.05060286823538645,0.04261532880666738,2.825532891524153,0.9231543692835572
Discharge only (5),Linear Regression,0.056639903159030155,0.05316218570232349,3.52735920930735,0.8950831454344392
Discharge only (5),XGBoost,0.060072700560233026,0.04954316715259936,3.274655240030563,0.8948872166338503
All features (7),Random Forest,0.06267239504791215,0.051172096664862464,3.3892841932263984,0.8786356065219186
Discharge only (5),Random Forest,0.07120341295699398,0.05741065788021012,3.793036887888694,0.8427349157211973
Charge only (2),XGBoost,0.0844279478813501,0.06515938738183799,4.2946584620112205,0.802301095670371
